-- =============================================================
-- Procurement Exception Commander — Seed Data
-- All 8 tables, all data columns TEXT (raw/anomalous input).
-- Run AFTER supabase-action-tasks.sql. Safe to re-run.
-- =============================================================

BEGIN;

TRUNCATE TABLE disruption_notices, demand_signals, inventory_positions,
  order_confirmations, purchase_order_lines, purchase_order_headers,
  contracts, suppliers RESTART IDENTITY CASCADE;

INSERT INTO suppliers (id,name,status,x_tier,x_sole_source,created_at,updated_at) VALUES
('3000', 'Selangor Foundry LLC', 'active', 'tier-3', 'false', '2023-08-28T00:00:00+08:00', '2026-07-13T00:00:00+08:00'),
('3001', 'Apex Machinery Sdn Bhd', 'active', 'tier-3', 'false', '2023-10-17T00:00:00+08:00', '2026-03-26T00:00:00+08:00'),
('3002', 'Kirana Traders Co.', 'inactive', 'tier-1', 'false', '2024-05-14T00:00:00+08:00', '2026-06-21T00:00:00+08:00'),
('3003', 'Harbor Freight GmbH', 'active', 'tier-2', 'false', '2024-06-22T00:00:00+08:00', '2026-03-28T00:00:00+08:00'),
('3004', 'Pacific Rim Textiles Sdn Bhd', 'active', 'tier-1', 'false', '2024-03-05T00:00:00+08:00', '2026-05-27T00:00:00+08:00'),
('3005', 'Delta Rubber Industries GmbH', 'inactive', 'tier-3', 'false', '2025-07-31T00:00:00+08:00', '2026-05-29T00:00:00+08:00'),
('3006', 'Kirana  Traders  LLC', 'active', 'tier-1', 'false', '2025-01-08T00:00:00+08:00', '2026-04-01T00:00:00+08:00'),
('3007', 'Everbright Plastics Sdn Bhd', 'active', 'tier-1', 'false', '2025-11-11T00:00:00+08:00', '2026-05-07T00:00:00+08:00'),
('3008', 'Delta Rubber Industries Pvt Ltd', 'inactive', 'tier-2', 'true', '2023-11-20T00:00:00+08:00', '2026-06-05T00:00:00+08:00'),
('3009', 'Bharat  Industrial  Supplies  Pte  Ltd', 'inactive', 'tier-3', 'false', '2024-12-06T00:00:00+08:00', '2026-06-16T00:00:00+08:00'),
('3010', 'Meridian Components Bhd', 'active', 'tier-1', 'false', '2024-06-01T00:00:00+08:00', '2026-04-02T00:00:00+08:00'),
('3011', 'Harbor Freight LLC', 'active', 'tier-1', 'false', '2025-07-09T00:00:00+08:00', '2026-07-11T00:00:00+08:00'),
('3012', 'Summit Steelworks GmbH', 'active', 'tier-3', 'false', '2023-03-20T00:00:00+08:00', '2026-06-19T00:00:00+08:00'),
('3013', 'Kirana Traders Sdn Bhd Co.', 'active', 'tier-2', 'false', '2023-10-18T00:00:00+08:00', '2026-04-09T00:00:00+08:00'),
('3014', 'Apex Digital Pte Ltd', 'active', 'tier-1', 'false', '2025-10-15T00:00:00+08:00', '2026-05-06T00:00:00+08:00'),
('3015', 'Lumina Retail Co.', 'active', 'tier-1', 'false', '2022-08-23T00:00:00+08:00', '2026-06-08T00:00:00+08:00'),
('3016', 'Nimbus Tech Sdn Bhd', 'active', 'tier-1', 'false', '2025-12-14T00:00:00+08:00', '2026-05-15T00:00:00+08:00'),
('3017', 'Northgate Instruments GmbH', 'active', 'tier-1', 'false', '2025-08-10T00:00:00+08:00', '2026-04-04T00:00:00+08:00'),
('3018', 'Mekong Fasteners Pvt Ltd', 'active', 'tier-1', 'false', '2024-09-09T00:00:00+08:00', '2026-07-13T00:00:00+08:00'),
('3019', 'Pacific Rim Textiles Co.', 'active', 'tier-1', 'false', '2024-06-26T00:00:00+08:00', '2026-04-11T00:00:00+08:00'),
('3020', 'Brightwave Solutions Co.', 'active', 'tier-2', 'true', '2023-07-09T00:00:00+08:00', '2026-06-09T00:00:00+08:00'),
('3021', 'Penang Circuit Supply Pte Ltd', 'active', 'tier-1', 'false', '2025-10-07T00:00:00+08:00', '2026-04-03T00:00:00+08:00'),
('3022', 'Bharat Industrial Supplies LLC', 'inactive', 'tier-3', 'false', '2025-02-24T00:00:00+08:00', '2026-06-01T00:00:00+08:00'),
('3023', 'Meridian Components Pvt Ltd', 'active', 'tier-3', 'false', '2023-09-27T00:00:00+08:00', '2026-05-02T00:00:00+08:00'),
('3024', 'Klang Valley Packaging Pte Ltd', 'active', 'tier-1', 'false', '2025-06-04T00:00:00+08:00', '2026-06-10T00:00:00+08:00'),
('3025', 'Apex Digital Bhd', 'inactive', 'tier-1', 'false', '2022-07-17T00:00:00+08:00', '2026-07-10T00:00:00+08:00'),
('3026', 'Pacific Rim Textiles Pte Ltd', 'active', 'tier-1', 'false', '2023-07-06T00:00:00+08:00', '2026-07-02T00:00:00+08:00'),
('3027', 'Sabah Timber Components Sdn Bhd', 'active', 'tier-1', 'false', '2023-01-05T00:00:00+08:00', '2026-07-04T00:00:00+08:00'),
('3028', 'Everbright Plastics Pvt Ltd', 'active', 'tier-3', 'false', '2023-12-07T00:00:00+08:00', '2026-04-05T00:00:00+08:00'),
('3029', 'Northgate Instruments LLC', 'active', 'tier-2', 'false', '2024-02-18T00:00:00+08:00', '2026-06-17T00:00:00+08:00'),
('3030', 'Delta Rubber Industries Co.', 'active', 'tier-1', 'false', '2024-04-17T00:00:00+08:00', '2026-03-17T00:00:00+08:00'),
('3031', 'Sunrise Logistics Bhd', 'active', 'tier-1', 'false', '2024-02-10T00:00:00+08:00', '2026-06-30T00:00:00+08:00'),
('3032', 'Delta Rubber Industries GmbH', 'active', 'tier-3', 'false', '2022-12-18T00:00:00+08:00', '2026-04-10T00:00:00+08:00'),
('3033', 'Pacific Rim Textiles Sdn Bhd', 'active', 'tier-2', 'false', '2023-10-15T00:00:00+08:00', '2026-03-21T00:00:00+08:00'),
('3034', 'Nexus Logistics Pvt Ltd', 'active', 'tier-2', 'false', '2023-04-15T00:00:00+08:00', '2026-07-03T00:00:00+08:00'),
('3035', 'Bharat Industrial Supplies LLC', 'active', 'tier-1', 'false', '2023-10-29T00:00:00+08:00', '2026-05-29T00:00:00+08:00'),
('3036', 'Everbright Plastics Pvt Ltd', 'active', 'tier-2', 'false', '2023-11-17T00:00:00+08:00', '2026-06-14T00:00:00+08:00'),
('3037', 'COASTAL CHEMICAL TRADERS GMBH', 'active', 'tier-1', 'false', '2022-11-25T00:00:00+08:00', '2026-07-06T00:00:00+08:00'),
('3038', 'Kirana Traders Sdn Bhd', 'active', 'tier-2', 'false', '2023-07-23T00:00:00+08:00', '2026-07-10T00:00:00+08:00'),
('3039', 'Summit Steelworks GmbH', 'active', 'tier-1', 'false', '2022-06-24T00:00:00+08:00', '2026-07-03T00:00:00+08:00'),
('3040', 'Nexus Logistics Sdn Bhd Pte Ltd', 'active', 'tier-1', 'false', '2024-01-08T00:00:00+08:00', '2026-05-28T00:00:00+08:00'),
('3041', 'Sunrise Logistics GmbH', 'active', 'tier-1', 'false', '2025-08-26T00:00:00+08:00', '2026-07-07T00:00:00+08:00'),
('3042', 'Sabah Timber Components Bhd', 'active', 'tier-2', 'false', '2024-06-24T00:00:00+08:00', '2026-06-07T00:00:00+08:00'),
('3043', 'Highland Chemicals Pvt Ltd', 'active', 'tier-2', 'false', '2023-07-04T00:00:00+08:00', '2026-07-07T00:00:00+08:00'),
('3044', 'Nimbus  Tech  Sdn  Bhd', 'active', 'tier-2', 'false', '2025-09-03T00:00:00+08:00', '2026-04-09T00:00:00+08:00'),
('3045', 'Nexus Logistics Pte Ltd Co.', 'active', 'tier-1', 'false', '2025-05-10T00:00:00+08:00', '2026-07-08T00:00:00+08:00'),
('3046', 'Northern Wire & Cable Pte Ltd', 'active', 'tier-1', 'false', '2022-07-20T00:00:00+08:00', '2026-05-04T00:00:00+08:00'),
('3047', 'Summit Steelworks Sdn Bhd', 'active', 'tier-2', 'false', '2024-01-10T00:00:00+08:00', '2026-04-09T00:00:00+08:00'),
('3048', 'Cendana Print Media GmbH', 'active', 'tier-1', 'false', '2025-09-26T00:00:00+08:00', '2026-06-21T00:00:00+08:00'),
('3049', 'Bharat Industrial Supplies Sdn Bhd', 'active', 'tier-2', 'false', '2025-09-01T00:00:00+08:00', '2026-05-13T00:00:00+08:00');

INSERT INTO contracts (id,supplier_id,status,x_expedite_allowed,x_escalation_clause,x_penalty_terms,created_at,updated_at) VALUES
('7000', '3016', 'published', 'true', 'Standard expedite', NULL, '2025-02-06T00:00:00+08:00', NOW()),
('7001', '3019', 'expired', 'true', 'Standard expedite', NULL, '2025-05-19T00:00:00+08:00', NOW()),
('7002', '3016', 'published', 'true', 'Standard expedite', NULL, '2024-11-18T00:00:00+08:00', NOW()),
('7003', '3008', 'expired', 'false', 'Any expedite requires VP Procurement sign-off before dispatch', 'Breach voids volume rebate', '2025-04-20T00:00:00+08:00', NOW()),
('7004', '3033', 'published', 'true', 'Standard expedite', NULL, '2025-09-29T00:00:00+08:00', NOW()),
('7005', '3041', 'expired', 'true', 'Standard expedite', NULL, '2025-06-11T00:00:00+08:00', NOW()),
('7006', '3048', 'expired', 'true', 'Standard expedite', NULL, '2025-03-09T00:00:00+08:00', NOW()),
('7007', '3049', 'expired', 'true', 'Standard expedite', NULL, '2025-08-08T00:00:00+08:00', NOW()),
('7008', '3029', 'expired', 'true', 'Standard expedite', NULL, '2025-10-05T00:00:00+08:00', NOW()),
('7009', '3001', 'expired', 'false', 'Standard expedite', NULL, '2025-09-12T00:00:00+08:00', NOW()),
('7010', '3037', 'published', 'false', 'Standard expedite', NULL, '2024-10-14T00:00:00+08:00', NOW()),
('7011', '3007', 'published', 'false', 'Expedite triggers early-termination penalty clause 7.3', 'Penalty RM120k on expedite breach', '2024-09-08T00:00:00+08:00', NOW()),
('7012', '3010', 'expired', 'false', 'Standard expedite', NULL, '2025-04-12T00:00:00+08:00', NOW()),
('7013', '3005', 'expired', 'false', 'Standard expedite', NULL, '2025-10-04T00:00:00+08:00', NOW()),
('7014', '3034', 'expired', 'true', 'Standard expedite', NULL, '2025-04-18T00:00:00+08:00', NOW()),
('7015', '3045', 'published', 'true', 'Standard expedite', NULL, '2024-09-10T00:00:00+08:00', NOW()),
('7016', '3025', 'published', 'false', 'Standard expedite', NULL, '2024-10-06T00:00:00+08:00', NOW()),
('7017', '3022', 'published', 'false', 'Standard expedite', NULL, '2025-07-15T00:00:00+08:00', NOW()),
('7018', '3028', 'published', 'false', 'Standard expedite', NULL, '2025-03-04T00:00:00+08:00', NOW()),
('7019', '3002', 'expired', 'true', 'Standard expedite', NULL, '2025-12-24T00:00:00+08:00', NOW()),
('7020', '3048', 'expired', 'true', 'Standard expedite', NULL, '2025-08-25T00:00:00+08:00', NOW()),
('7021', '3010', 'published', 'true', 'Standard expedite', NULL, '2025-05-19T00:00:00+08:00', NOW()),
('7022', '3019', 'published', 'true', 'Standard expedite', NULL, '2024-12-28T00:00:00+08:00', NOW()),
('7023', '3000', 'expired', 'false', 'Standard expedite', NULL, '2024-12-17T00:00:00+08:00', NOW()),
('7024', '3031', 'expired', 'false', 'Standard expedite', NULL, '2025-04-23T00:00:00+08:00', NOW()),
('7025', '3049', 'expired', 'true', 'Standard expedite', NULL, '2025-01-20T00:00:00+08:00', NOW()),
('7026', '3014', 'expired', 'true', 'Standard expedite', NULL, '2025-10-18T00:00:00+08:00', NOW()),
('7027', '3049', 'published', 'false', 'Standard expedite', NULL, '2025-02-03T00:00:00+08:00', NOW()),
('7028', '3020', 'published', 'false', 'Standard expedite', NULL, '2025-10-26T00:00:00+08:00', NOW()),
('7029', '3006', 'expired', 'true', 'Standard expedite', NULL, '2025-02-10T00:00:00+08:00', NOW()),
('7030', '3005', 'expired', 'false', 'Standard expedite', NULL, '2024-11-07T00:00:00+08:00', NOW()),
('7031', '3033', 'published', 'true', 'Standard expedite', NULL, '2025-01-21T00:00:00+08:00', NOW()),
('7032', '3035', 'expired', 'true', 'Standard expedite', NULL, '2025-03-23T00:00:00+08:00', NOW()),
('7033', '3013', 'published', 'false', 'Standard expedite', NULL, '2024-10-13T00:00:00+08:00', NOW()),
('7034', '3049', 'expired', 'false', 'Standard expedite', NULL, '2025-08-26T00:00:00+08:00', NOW()),
('7035', '3033', 'expired', 'true', 'Standard expedite', NULL, '2025-02-04T00:00:00+08:00', NOW()),
('7036', '3048', 'published', 'true', 'Standard expedite', NULL, '2024-11-19T00:00:00+08:00', NOW()),
('7037', '3035', 'expired', 'true', 'Standard expedite', NULL, '2025-10-23T00:00:00+08:00', NOW()),
('7038', '3008', 'published', 'true', 'Standard expedite', NULL, '2025-04-10T00:00:00+08:00', NOW()),
('7039', '3039', 'published', 'true', 'Standard expedite', NULL, '2025-11-19T00:00:00+08:00', NOW()),
('7040', '3025', 'published', 'true', 'Standard expedite', NULL, '2025-06-04T00:00:00+08:00', NOW()),
('7041', '3033', 'published', 'true', 'Standard expedite', NULL, '2025-07-10T00:00:00+08:00', NOW()),
('7042', '3037', 'expired', 'true', 'Standard expedite', NULL, '2025-03-04T00:00:00+08:00', NOW()),
('7043', '3017', 'published', 'true', 'Standard expedite', NULL, '2025-10-28T00:00:00+08:00', NOW()),
('7044', '3021', 'expired', 'true', 'Standard expedite', NULL, '2025-10-28T00:00:00+08:00', NOW());

INSERT INTO purchase_order_headers (id,supplier_id,status,po_total,created_at,updated_at) VALUES
('90000', '3018', 'issued', '72551.35', '2026-03-21T00:00:00+08:00', '2026-07-07T00:00:00+08:00'),
('90001', '3032', 'issued', '149264.27', '2026-04-01T00:00:00+08:00', '2026-06-26T00:00:00+08:00'),
('90002', '3042', 'closed', '20994.55', '2026-06-04T00:00:00+08:00', '2026-07-11T00:00:00+08:00'),
('90003', '3006', 'issued', '56671.55', '2026-07-02T00:00:00+08:00', '2026-07-01T00:00:00+08:00'),
('90004', '3018', 'issued', '152372.02', '2026-05-20T00:00:00+08:00', '2026-07-02T00:00:00+08:00'),
('90005', '3026', 'issued', '169935.11', '2026-05-27T00:00:00+08:00', '2026-07-13T00:00:00+08:00'),
('90006', '3006', 'issued', '42861.2', '2026-04-07T00:00:00+08:00', '2026-07-03T00:00:00+08:00'),
('90007', '3049', 'issued', '99317.48', '2026-05-20T00:00:00+08:00', '2026-07-14T00:00:00+08:00'),
('90008', '3038', 'issued', '88792.54', '2026-05-27T00:00:00+08:00', '2026-06-19T00:00:00+08:00'),
('90009', '3006', 'issued', '29039.1', '2026-05-14T00:00:00+08:00', '2026-07-07T00:00:00+08:00'),
('90010', '3007', 'soft_closed', '11453.35', '2026-04-07T00:00:00+08:00', '2026-07-05T00:00:00+08:00'),
('90011', '3021', 'issued', '4887.72', '2026-04-30T00:00:00+08:00', '2026-07-06T00:00:00+08:00'),
('90012', '3002', 'issued', '25505.76', '2026-05-08T00:00:00+08:00', '2026-07-01T00:00:00+08:00'),
('90013', '3002', 'issued', '39529.26', '2026-06-08T00:00:00+08:00', '2026-06-20T00:00:00+08:00'),
('90014', '3013', 'issued', '106697.1', '2026-05-08T00:00:00+08:00', '2026-07-10T00:00:00+08:00'),
('90015', '3014', 'issued', '104237.53', '2026-03-21T00:00:00+08:00', '2026-06-25T00:00:00+08:00'),
('90016', '3015', 'soft_closed', '124211.59', '2026-05-02T00:00:00+08:00', '2026-06-22T00:00:00+08:00'),
('90017', '3048', 'issued', '154863.49', '2026-06-04T00:00:00+08:00', '2026-07-14T00:00:00+08:00'),
('90018', '3024', 'issued', '86780.19', '2026-04-22T00:00:00+08:00', '2026-06-15T00:00:00+08:00'),
('90019', '3013', 'soft_closed', '136903.08', '2026-06-14T00:00:00+08:00', '2026-06-29T00:00:00+08:00'),
('90020', '3020', 'soft_closed', '51705.63', '2026-04-07T00:00:00+08:00', '2026-07-12T00:00:00+08:00'),
('90021', '3022', 'closed', '96313.28', '2026-06-13T00:00:00+08:00', '2026-07-15T00:00:00+08:00'),
('90022', '3039', 'closed', '103236.69', '2026-04-04T00:00:00+08:00', '2026-07-08T00:00:00+08:00'),
('90023', '3031', 'soft_closed', '148438.52', '2026-05-20T00:00:00+08:00', '2026-07-02T00:00:00+08:00'),
('90024', '3041', 'issued', '150873.43', '2026-04-03T00:00:00+08:00', '2026-07-15T00:00:00+08:00'),
('90025', '3001', 'issued', '48914.65', '2026-05-16T00:00:00+08:00', '2026-06-22T00:00:00+08:00'),
('90026', '3011', 'issued', '109321.8', '2026-04-22T00:00:00+08:00', '2026-07-03T00:00:00+08:00'),
('90027', '3023', 'issued', '51508.88', '2026-06-25T00:00:00+08:00', '2026-07-04T00:00:00+08:00'),
('90028', '3014', 'issued', '67896.96', '2026-05-07T00:00:00+08:00', '2026-07-06T00:00:00+08:00'),
('90029', '3000', 'issued', '174879.68', '2026-05-30T00:00:00+08:00', '2026-06-18T00:00:00+08:00'),
('90030', '3022', 'closed', '167053.6', '2026-06-27T00:00:00+08:00', '2026-06-20T00:00:00+08:00'),
('90031', '3032', 'soft_closed', '136390.05', '2026-04-08T00:00:00+08:00', '2026-07-02T00:00:00+08:00'),
('90032', '3014', 'issued', '59295.05', '2026-04-10T00:00:00+08:00', '2026-07-04T00:00:00+08:00'),
('90033', '3027', 'issued', '182196.89', '2026-05-21T00:00:00+08:00', '2026-07-14T00:00:00+08:00'),
('90034', '3018', 'issued', '189052.52', '2026-06-29T00:00:00+08:00', '2026-06-21T00:00:00+08:00'),
('90035', '3001', 'issued', '195314.67', '2026-04-26T00:00:00+08:00', '2026-07-13T00:00:00+08:00'),
('90036', '3004', 'issued', '146990.39', '2026-03-19T00:00:00+08:00', '2026-06-20T00:00:00+08:00'),
('90037', '3027', 'soft_closed', '15297.15', '2026-03-21T00:00:00+08:00', '2026-06-22T00:00:00+08:00'),
('90038', '3017', 'closed', '59200.87', '2026-04-09T00:00:00+08:00', '2026-07-06T00:00:00+08:00'),
('90039', '3011', 'issued', '96594.42', '2026-04-27T00:00:00+08:00', '2026-06-27T00:00:00+08:00'),
('90040', '3042', 'closed', '70227.54', '2026-04-01T00:00:00+08:00', '2026-06-23T00:00:00+08:00'),
('90041', '3044', 'issued', '122323.42', '2026-06-18T00:00:00+08:00', '2026-06-26T00:00:00+08:00'),
('90042', '3005', 'closed', '33341.53', '2026-06-26T00:00:00+08:00', '2026-07-09T00:00:00+08:00'),
('90043', '3022', 'closed', '164603.19', '2026-06-03T00:00:00+08:00', '2026-06-21T00:00:00+08:00'),
('90044', '3042', 'issued', '103882.02', '2026-03-23T00:00:00+08:00', '2026-06-25T00:00:00+08:00'),
('90045', '3033', 'closed', '162299.04', '2026-04-21T00:00:00+08:00', '2026-07-01T00:00:00+08:00'),
('90046', '3033', 'issued', '28302.29', '2026-06-22T00:00:00+08:00', '2026-06-22T00:00:00+08:00'),
('90047', '3001', 'issued', '40841.1', '2026-03-28T00:00:00+08:00', '2026-07-08T00:00:00+08:00'),
('90048', '3038', 'issued', '26809.31', '2026-03-30T00:00:00+08:00', '2026-06-27T00:00:00+08:00'),
('90049', '3026', 'closed', '182896.7', '2026-05-17T00:00:00+08:00', '2026-07-04T00:00:00+08:00'),
('90050', '3031', 'issued', '82417.38', '2026-04-01T00:00:00+08:00', '2026-07-09T00:00:00+08:00'),
('90051', '3016', 'issued', '64855.14', '2026-03-22T00:00:00+08:00', '2026-06-18T00:00:00+08:00'),
('90052', '3002', 'closed', '85301.3', '2026-04-23T00:00:00+08:00', '2026-06-27T00:00:00+08:00'),
('90053', '3045', 'issued', '175532.88', '2026-03-25T00:00:00+08:00', '2026-07-07T00:00:00+08:00'),
('90054', '3018', 'issued', '192100.62', '2026-03-19T00:00:00+08:00', '2026-07-03T00:00:00+08:00'),
('90055', '3040', 'closed', '147491.81', '2026-05-05T00:00:00+08:00', '2026-06-20T00:00:00+08:00'),
('90056', '3039', 'issued', '67912.63', '2026-04-23T00:00:00+08:00', '2026-06-30T00:00:00+08:00'),
('90057', '3021', 'soft_closed', '195127.93', '2026-06-22T00:00:00+08:00', '2026-06-23T00:00:00+08:00'),
('90058', '3031', 'issued', '20023.2', '2026-03-17T00:00:00+08:00', '2026-07-15T00:00:00+08:00'),
('90059', '3020', 'issued', '164695.58', '2026-06-02T00:00:00+08:00', '2026-07-09T00:00:00+08:00'),
('90060', '3008', 'issued', '25819.27', '2026-03-21T00:00:00+08:00', '2026-06-18T00:00:00+08:00'),
('90061', '3024', 'soft_closed', '32001.85', '2026-05-17T00:00:00+08:00', '2026-07-05T00:00:00+08:00'),
('90062', '3012', 'issued', '82870.02', '2026-04-26T00:00:00+08:00', '2026-06-23T00:00:00+08:00'),
('90063', '3024', 'issued', '124887.58', '2026-06-27T00:00:00+08:00', '2026-06-17T00:00:00+08:00'),
('90064', '3033', 'closed', '15233.12', '2026-03-29T00:00:00+08:00', '2026-07-03T00:00:00+08:00'),
('90065', '3040', 'issued', '189576.65', '2026-06-25T00:00:00+08:00', '2026-06-22T00:00:00+08:00'),
('90066', '3011', 'closed', '133504.75', '2026-03-20T00:00:00+08:00', '2026-07-02T00:00:00+08:00'),
('90067', '3032', 'issued', '170363.93', '2026-04-05T00:00:00+08:00', '2026-06-17T00:00:00+08:00'),
('90068', '3008', 'closed', '70321.86', '2026-06-07T00:00:00+08:00', '2026-07-09T00:00:00+08:00'),
('90069', '3025', 'soft_closed', '61579.33', '2026-07-05T00:00:00+08:00', '2026-07-07T00:00:00+08:00'),
('90070', '3026', 'issued', '75392.79', '2026-06-11T00:00:00+08:00', '2026-06-15T00:00:00+08:00'),
('90071', '3014', 'issued', '134378.39', '2026-04-16T00:00:00+08:00', '2026-06-19T00:00:00+08:00'),
('90072', '3010', 'closed', '98470.58', '2026-04-21T00:00:00+08:00', '2026-06-30T00:00:00+08:00'),
('90073', '3010', 'issued', '70501.65', '2026-06-29T00:00:00+08:00', '2026-06-16T00:00:00+08:00'),
('90074', '3043', 'issued', '184847.91', '2026-06-25T00:00:00+08:00', '2026-07-05T00:00:00+08:00'),
('90075', '3039', 'issued', '120174.0', '2026-05-12T00:00:00+08:00', '2026-07-14T00:00:00+08:00'),
('90076', '3040', 'issued', '96737.82', '2026-05-09T00:00:00+08:00', '2026-06-18T00:00:00+08:00'),
('90077', '3042', 'issued', '78766.77', '2026-03-26T00:00:00+08:00', '2026-06-25T00:00:00+08:00'),
('90078', '3029', 'issued', '68024.31', '2026-04-09T00:00:00+08:00', '2026-06-30T00:00:00+08:00'),
('90079', '3040', 'issued', '19532.05', '2026-07-01T00:00:00+08:00', '2026-06-15T00:00:00+08:00');

INSERT INTO purchase_order_lines (id,po_header_id,item_number,status,line_total,need_by_date,created_at,updated_at) VALUES
('90000-1', '90000', 'SKU-TX-330', 'received', '68528.77', '07/07/2026', NOW(), NOW()),
('90000-2', '90000', 'SKU-MT-101', 'issued', '117031.65', '2026-08-09 00:00:00', NOW(), NOW()),
('90000-3', '90000', 'SKU-PL-220', 'received', '9900.65', '2026-08-09 00:00:00', NOW(), NOW()),
('90001-1', '90001', 'SKU-CE-500', 'received', '6982.04', '2026-06-21 00:00:00', NOW(), NOW()),
('90001-2', '90001', 'SKU-AGG-220', 'received', '22631.4', '2026-06-26 00:00:00', NOW(), NOW()),
('90001-3', '90001', 'SKU-TC-090', 'received', '72968.97', 'Jul 18 2026', NOW(), NOW()),
('90002-1', '90002', 'SKU-CE-500', 'issued', '99564.59', '2026-07-09 00:00:00', NOW(), NOW()),
('90002-2', '90002', 'SKU-FS-055', 'received', '71767.79', '2026-08-02 00:00:00', NOW(), NOW()),
('90002-3', '90002', 'SKU-AGG-220', 'backordered', '61445.83', 'Jul 04 2026', NOW(), NOW()),
('90003-1', '90003', 'SKU-PK-770', 'issued', '84836.46', '2026-07-28 00:00:00', NOW(), NOW()),
('90003-2', '90003', 'SKU-CEM-101', 'received', '137249.86', '2026-08-02 00:00:00', NOW(), NOW()),
('90003-3', '90003', 'SKU-FS-055', 'received', '46027.74', '2026-07-02 00:00:00', NOW(), NOW()),
('90004-1', '90004', 'SKU-WR-410', 'received', '16322.98', '30/06/2026', NOW(), NOW()),
('90005-1', '90005', 'SKU-EL-440', 'backordered', '29197.41', '2026-07-07 00:00:00', NOW(), NOW()),
('90005-2', '90005', 'SKU-CP-330', 'received', '121841.15', '2026-07-09 00:00:00', NOW(), NOW()),
('90005-3', '90005', 'SKU-PK-770', 'received', '53518.67', '2026-08-08 00:00:00', NOW(), NOW()),
('90006-1', '90006', 'SKU-CEM-101', 'issued', '72631.89', '2026-06-30 00:00:00', NOW(), NOW()),
('90007-1', '90007', 'SKU-TC-090', 'issued', '11721.31', '2026-07-10 00:00:00', NOW(), NOW()),
('90007-2', '90007', 'SKU-RB-201', 'issued', '139591.62', '2026-08-05 00:00:00', NOW(), NOW()),
('90007-3', '90007', 'SKU-TX-330', 'received', '111973.78', '24/07/2026', NOW(), NOW()),
('90008-1', '90008', 'SKU-CEM-101', 'issued', '143800.85', '2026-08-06 00:00:00', NOW(), NOW()),
('90008-2', '90008', 'SKU-MT-101', 'issued', '12237.62', '2026-07-21 00:00:00', NOW(), NOW()),
('90008-3', '90008', 'SKU-AGG-220', 'backordered', '116636.71', '2026-07-08 00:00:00', NOW(), NOW()),
('90009-1', '90009', 'SKU-FS-055', 'received', '93153.84', 'Jul 09 2026', NOW(), NOW()),
('90010-1', '90010', 'SKU-PK-770', 'received', '95702.81', '2026-06-20 00:00:00', NOW(), NOW()),
('90010-2', '90010', 'SKU-PL-220', 'issued', '8130.87', '2026-07-18 00:00:00', NOW(), NOW()),
('90011-1', '90011', 'SKU-CEM-101', 'issued', '104170.82', '2026-08-07 00:00:00', NOW(), NOW()),
('90011-2', '90011', 'SKU-CE-500', 'issued', '80492.52', '2026-07-10 00:00:00', NOW(), NOW()),
('90012-1', '90012', 'SKU-RB-201', 'backordered', '120950.85', '2026-08-02 00:00:00', NOW(), NOW()),
('90012-2', '90012', 'SKU-STL-014', 'received', '121167.64', '2026-06-20 00:00:00', NOW(), NOW()),
('90013-1', '90013', 'SKU-CEM-101', 'received', '58827.93', '2026-08-12 00:00:00', NOW(), NOW()),
('90014-1', '90014', 'SKU-CP-330', 'issued', '65808.15', '2026-08-10 00:00:00', NOW(), NOW()),
('90015-1', '90015', 'SKU-PK-770', 'received', '30351.11', '30/06/2026', NOW(), NOW()),
('90016-1', '90016', 'SKU-RB-201', 'issued', '36284.5', '2026-07-02 00:00:00', NOW(), NOW()),
('90016-2', '90016', 'SKU-CEM-101', 'received', '20226.55', '2026-07-02 00:00:00', NOW(), NOW()),
('90017-1', '90017', 'SKU-CP-330', 'backordered', '109211.31', '2026-08-03 00:00:00', NOW(), NOW()),
('90017-2', '90017', 'SKU-PL-220', 'received', '41280.85', '2026-08-06 00:00:00', NOW(), NOW()),
('90017-3', '90017', 'SKU-MT-101', 'issued', '54109.88', '2026-07-28 00:00:00', NOW(), NOW()),
('90018-1', '90018', 'SKU-PK-770', 'issued', '135960.46', '2026-08-05 00:00:00', NOW(), NOW()),
('90018-2', '90018', 'SKU-CEM-101', 'issued', '76378.63', '2026-07-28 00:00:00', NOW(), NOW()),
('90018-3', '90018', 'SKU-RM-330', 'backordered', '95509.64', '2026-07-15 00:00:00', NOW(), NOW()),
('90019-1', '90019', 'SKU-WR-410', 'issued', '67333.8', '2026-06-21 00:00:00', NOW(), NOW()),
('90020-1', '90020', 'SKU-RM-330', 'received', '100164.09', '27/07/2026', NOW(), NOW()),
('90020-2', '90020', 'SKU-MT-101', 'received', '44072.85', '08/08/2026', NOW(), NOW()),
('90020-3', '90020', 'SKU-EL-440', 'issued', '17076.93', '2026-07-03 00:00:00', NOW(), NOW()),
('90021-1', '90021', 'SKU-WR-410', 'received', '137460.72', '2026-06-29 00:00:00', NOW(), NOW()),
('90022-1', '90022', 'SKU-PK-770', 'received', '113259.89', '2026-07-27 00:00:00', NOW(), NOW()),
('90022-2', '90022', 'SKU-EL-440', 'backordered', '117849.26', '2026-07-14 00:00:00', NOW(), NOW()),
('90022-3', '90022', 'SKU-RM-330', 'issued', '105547.69', '2026-07-14 00:00:00', NOW(), NOW()),
('90023-1', '90023', 'SKU-CE-500', 'backordered', '93548.89', '2026-07-21 00:00:00', NOW(), NOW()),
('90023-2', '90023', 'SKU-FS-055', 'issued', '106658.85', '2026-07-10 00:00:00', NOW(), NOW()),
('90024-1', '90024', 'SKU-CEM-101', 'issued', '109111.51', '2026-07-08 00:00:00', NOW(), NOW()),
('90024-2', '90024', 'SKU-TX-330', 'issued', '76284.77', '2026-08-13 00:00:00', NOW(), NOW()),
('90024-3', '90024', 'SKU-FS-055', 'issued', '116516.28', '2026-06-20 00:00:00', NOW(), NOW()),
('90025-1', '90025', 'SKU-TX-330', 'received', '34291.35', '30/07/2026', NOW(), NOW()),
('90026-1', '90026', 'SKU-PL-220', 'backordered', '24556.27', '2026-08-11 00:00:00', NOW(), NOW()),
('90026-2', '90026', 'SKU-PK-770', 'backordered', '132454.7', '2026-07-08 00:00:00', NOW(), NOW()),
('90026-3', '90026', 'SKU-CP-330', 'issued', '6734.76', '2026-08-03 00:00:00', NOW(), NOW()),
('90027-1', '90027', 'SKU-CP-330', 'received', '26285.3', 'Jun 24 2026', NOW(), NOW()),
('90028-1', '90028', 'SKU-FS-055', 'issued', '45787.12', '2026-07-08 00:00:00', NOW(), NOW()),
('90029-1', '90029', 'SKU-CEM-101', 'received', '45503.56', '2026-08-09 00:00:00', NOW(), NOW()),
('90029-2', '90029', 'SKU-TX-330', 'received', '61190.32', '2026-08-04 00:00:00', NOW(), NOW()),
('90029-3', '90029', 'SKU-CP-330', 'issued', '30437.53', '2026-07-22 00:00:00', NOW(), NOW()),
('90030-1', '90030', 'SKU-CEM-101', 'received', '15522.85', '2026-07-28 00:00:00', NOW(), NOW()),
('90030-2', '90030', 'SKU-RM-330', 'issued', '55526.27', '2026-07-21 00:00:00', NOW(), NOW()),
('90031-1', '90031', 'SKU-CH-012', 'issued', '21470.1', '2026-07-13 00:00:00', NOW(), NOW()),
('90031-2', '90031', 'SKU-TC-090', 'received', '69666.32', '2026-06-29 00:00:00', NOW(), NOW()),
('90031-3', '90031', 'SKU-TC-090', 'received', '49582.45', '2026-08-05 00:00:00', NOW(), NOW()),
('90032-1', '90032', 'SKU-TX-330', 'backordered', '147046.98', '2026-07-03 00:00:00', NOW(), NOW()),
('90032-2', '90032', 'SKU-CE-500', 'backordered', '82310.05', '2026-07-21 00:00:00', NOW(), NOW()),
('90032-3', '90032', 'SKU-FS-055', 'issued', '71281.34', '2026-07-04 00:00:00', NOW(), NOW()),
('90033-1', '90033', 'SKU-TC-090', 'backordered', '98848.31', '2026-06-28 00:00:00', NOW(), NOW()),
('90033-2', '90033', 'SKU-TC-090', 'issued', '51942.5', '2026-07-28 00:00:00', NOW(), NOW()),
('90033-3', '90033', 'SKU-EL-440', 'received', '114801.56', '2026-07-27 00:00:00', NOW(), NOW()),
('90034-1', '90034', 'SKU-CE-500', 'received', '128172.08', '2026-06-28 00:00:00', NOW(), NOW()),
('90034-2', '90034', 'SKU-FS-055', 'issued', '67832.67', '2026-07-08 00:00:00', NOW(), NOW()),
('90034-3', '90034', 'SKU-FS-055', 'received', '34183.26', 'Jun 27 2026', NOW(), NOW()),
('90035-1', '90035', 'SKU-RB-201', 'backordered', '81698.57', '2026-07-30 00:00:00', NOW(), NOW()),
('90035-2', '90035', 'SKU-WR-410', 'issued', '61736.0', '2026-06-27 00:00:00', NOW(), NOW()),
('90036-1', '90036', 'SKU-MT-101', 'backordered', '47859.05', '2026-07-10 00:00:00', NOW(), NOW()),
('90037-1', '90037', 'SKU-CH-012', 'issued', '127333.23', '2026-08-08 00:00:00', NOW(), NOW()),
('90038-1', '90038', 'SKU-CEM-101', 'received', '68433.99', '2026-08-11 00:00:00', NOW(), NOW()),
('90038-2', '90038', 'SKU-CH-012', 'received', '127026.77', 'Aug 10 2026', NOW(), NOW()),
('90038-3', '90038', 'SKU-FS-055', 'received', '51690.97', '2026-07-31 00:00:00', NOW(), NOW()),
('90039-1', '90039', 'SKU-EL-440', 'received', '133519.85', '2026-06-26 00:00:00', NOW(), NOW()),
('90039-2', '90039', 'SKU-CEM-101', 'backordered', '25739.84', '2026-08-12 00:00:00', NOW(), NOW()),
('90040-1', '90040', 'SKU-TC-090', 'issued', '101108.93', '21/07/2026', NOW(), NOW()),
('90040-2', '90040', 'SKU-PL-220', 'backordered', '6363.12', '27/06/2026', NOW(), NOW()),
('90041-1', '90041', 'SKU-RB-201', 'backordered', '7839.9', '2026-07-05 00:00:00', NOW(), NOW()),
('90042-1', '90042', 'SKU-FS-055', 'issued', '67119.79', '2026-07-03 00:00:00', NOW(), NOW()),
('90042-2', '90042', 'SKU-RM-330', 'backordered', '30453.99', '2026-07-01 00:00:00', NOW(), NOW()),
('90042-3', '90042', 'SKU-RB-201', 'issued', '10643.3', '2026-07-05 00:00:00', NOW(), NOW()),
('90043-1', '90043', 'SKU-RB-201', 'received', '104147.82', '2026-07-11 00:00:00', NOW(), NOW()),
('90044-1', '90044', 'SKU-EL-440', 'received', '123644.45', '2026-06-20 00:00:00', NOW(), NOW()),
('90044-2', '90044', 'SKU-TX-330', 'backordered', '70183.8', '2026-07-18 00:00:00', NOW(), NOW()),
('90044-3', '90044', 'SKU-TX-330', 'issued', '147527.99', '2026-07-19 00:00:00', NOW(), NOW()),
('90045-1', '90045', 'SKU-CEM-101', 'issued', '33156.11', '2026-07-25 00:00:00', NOW(), NOW()),
('90045-2', '90045', 'SKU-CH-012', 'backordered', '59709.54', 'Jul 07 2026', NOW(), NOW()),
('90045-3', '90045', 'SKU-CE-500', 'issued', '43564.38', '2026-07-26 00:00:00', NOW(), NOW()),
('90046-1', '90046', 'SKU-TC-090', 'issued', '42636.4', 'Aug 02 2026', NOW(), NOW()),
('90047-1', '90047', 'SKU-RB-201', 'received', '115793.31', '2026-07-27 00:00:00', NOW(), NOW()),
('90047-2', '90047', 'SKU-CH-012', 'received', '12341.73', '2026-07-30 00:00:00', NOW(), NOW()),
('90048-1', '90048', 'SKU-FS-055', 'received', '61975.11', '2026-08-08 00:00:00', NOW(), NOW()),
('90049-1', '90049', 'SKU-PL-220', 'issued', '118814.54', '2026-06-20 00:00:00', NOW(), NOW()),
('90049-2', '90049', 'SKU-CE-500', 'backordered', '16327.89', '2026-07-13 00:00:00', NOW(), NOW()),
('90050-1', '90050', 'SKU-AGG-220', 'backordered', '132787.27', 'Jun 27 2026', NOW(), NOW()),
('90050-2', '90050', 'SKU-WR-410', 'backordered', '132110.49', '2026-08-07 00:00:00', NOW(), NOW()),
('90050-3', '90050', 'SKU-WR-410', 'backordered', '6769.35', '2026-07-23 00:00:00', NOW(), NOW()),
('90051-1', '90051', 'SKU-MT-101', 'received', '8405.34', '2026-07-19 00:00:00', NOW(), NOW()),
('90051-2', '90051', 'SKU-AGG-220', 'issued', '130360.36', '2026-07-13 00:00:00', NOW(), NOW()),
('90051-3', '90051', 'SKU-RM-330', 'backordered', '119815.39', '2026-08-02 00:00:00', NOW(), NOW()),
('90052-1', '90052', 'SKU-CEM-101', 'issued', '67467.96', '2026-07-01 00:00:00', NOW(), NOW()),
('90052-2', '90052', 'SKU-CEM-101', 'issued', '131041.45', '2026-07-19 00:00:00', NOW(), NOW()),
('90052-3', '90052', 'SKU-EL-440', 'issued', '107056.06', '2026-07-24 00:00:00', NOW(), NOW()),
('90053-1', '90053', 'SKU-PL-220', 'issued', '76224.38', '2026-07-08 00:00:00', NOW(), NOW()),
('90053-2', '90053', 'SKU-CEM-101', 'backordered', '86375.48', '2026-07-24 00:00:00', NOW(), NOW()),
('90053-3', '90053', 'SKU-RB-201', 'backordered', '8116.76', '2026-06-26 00:00:00', NOW(), NOW()),
('90054-1', '90054', 'SKU-AGG-220', 'backordered', '45479.18', '2026-07-04 00:00:00', NOW(), NOW()),
('90055-1', '90055', 'SKU-TX-330', 'received', '32557.57', '2026-07-11 00:00:00', NOW(), NOW()),
('90055-2', '90055', 'SKU-STL-014', 'received', '27011.62', 'Jul 08 2026', NOW(), NOW()),
('90056-1', '90056', 'SKU-CP-330', 'backordered', '87603.63', '12/08/2026', NOW(), NOW()),
('90056-2', '90056', 'SKU-AGG-220', 'issued', '126705.21', '2026-07-17 00:00:00', NOW(), NOW()),
('90057-1', '90057', 'SKU-CE-500', 'issued', '105692.83', '03/08/2026', NOW(), NOW()),
('90057-2', '90057', 'SKU-CP-330', 'received', '35151.08', '2026-07-05 00:00:00', NOW(), NOW()),
('90058-1', '90058', 'SKU-RM-330', 'issued', '77275.25', '2026-07-11 00:00:00', NOW(), NOW()),
('90059-1', '90059', 'SKU-PL-220', 'received', '81007.15', '2026-07-28 00:00:00', NOW(), NOW()),
('90059-2', '90059', 'SKU-TX-330', 'issued', '68602.52', '2026-08-12 00:00:00', NOW(), NOW()),
('90060-1', '90060', 'SKU-MT-101', 'received', '70911.45', '2026-07-17 00:00:00', NOW(), NOW()),
('90060-2', '90060', 'SKU-MT-101', 'backordered', '77843.83', '2026-07-16 00:00:00', NOW(), NOW()),
('90061-1', '90061', 'SKU-FS-055', 'backordered', '54224.45', '2026-07-04 00:00:00', NOW(), NOW()),
('90061-2', '90061', 'SKU-STL-014', 'issued', '130366.8', '2026-07-03 00:00:00', NOW(), NOW()),
('90061-3', '90061', 'SKU-PL-220', 'received', '100934.14', '2026-07-11 00:00:00', NOW(), NOW()),
('90062-1', '90062', 'SKU-EL-440', 'issued', '101842.1', 'Jul 08 2026', NOW(), NOW()),
('90062-2', '90062', 'SKU-EL-440', 'issued', '23168.97', '2026-07-20 00:00:00', NOW(), NOW()),
('90063-1', '90063', 'SKU-RM-330', 'backordered', '19845.52', '2026-06-22 00:00:00', NOW(), NOW()),
('90063-2', '90063', 'SKU-FS-055', 'backordered', '130347.2', '2026-07-24 00:00:00', NOW(), NOW()),
('90064-1', '90064', 'SKU-AGG-220', 'issued', '13059.9', '2026-07-20 00:00:00', NOW(), NOW()),
('90064-2', '90064', 'SKU-FS-055', 'received', '147889.98', 'Jul 15 2026', NOW(), NOW()),
('90064-3', '90064', 'SKU-PK-770', 'backordered', '75699.29', '2026-07-22 00:00:00', NOW(), NOW()),
('90065-1', '90065', 'SKU-AGG-220', 'backordered', '61511.87', '2026-07-23 00:00:00', NOW(), NOW()),
('90065-2', '90065', 'SKU-CP-330', 'backordered', '80295.21', '2026-08-02 00:00:00', NOW(), NOW()),
('90065-3', '90065', 'SKU-TX-330', 'received', '70577.11', '2026-06-29 00:00:00', NOW(), NOW()),
('90066-1', '90066', 'SKU-EL-440', 'backordered', '88514.24', '24/06/2026', NOW(), NOW()),
('90066-2', '90066', 'SKU-PL-220', 'received', '21585.25', '2026-06-24 00:00:00', NOW(), NOW()),
('90067-1', '90067', 'SKU-CE-500', 'backordered', '88440.37', '2026-07-17 00:00:00', NOW(), NOW()),
('90067-2', '90067', 'SKU-WR-410', 'backordered', '92678.1', '2026-07-17 00:00:00', NOW(), NOW()),
('90067-3', '90067', 'SKU-WR-410', 'received', '87443.67', '2026-08-14 00:00:00', NOW(), NOW()),
('90068-1', '90068', 'SKU-PK-770', 'backordered', '54476.03', '2026-07-14 00:00:00', NOW(), NOW()),
('90069-1', '90069', 'SKU-PL-220', 'received', '107642.78', '2026-07-11 00:00:00', NOW(), NOW()),
('90070-1', '90070', 'SKU-CEM-101', 'received', '127689.59', '2026-06-25 00:00:00', NOW(), NOW()),
('90071-1', '90071', 'SKU-CEM-101', 'issued', '143656.55', '2026-07-16 00:00:00', NOW(), NOW()),
('90071-2', '90071', 'SKU-PL-220', 'issued', '27912.23', '2026-07-04 00:00:00', NOW(), NOW()),
('90071-3', '90071', 'SKU-FS-055', 'issued', '78068.74', '2026-07-20 00:00:00', NOW(), NOW()),
('90072-1', '90072', 'SKU-CE-500', 'backordered', '2746.0', '2026-07-23 00:00:00', NOW(), NOW()),
('90072-2', '90072', 'SKU-MT-101', 'backordered', '47440.9', '2026-08-07 00:00:00', NOW(), NOW()),
('90072-3', '90072', 'SKU-TC-090', 'issued', '122088.19', '2026-07-27 00:00:00', NOW(), NOW()),
('90073-1', '90073', 'SKU-CE-500', 'received', '41212.24', '14/07/2026', NOW(), NOW()),
('90073-2', '90073', 'SKU-WR-410', 'issued', '122589.84', '2026-06-25 00:00:00', NOW(), NOW()),
('90074-1', '90074', 'SKU-FS-055', 'issued', '144811.41', '2026-07-26 00:00:00', NOW(), NOW()),
('90075-1', '90075', 'SKU-TX-330', 'received', '101673.15', '2026-07-07 00:00:00', NOW(), NOW()),
('90076-1', '90076', 'SKU-AGG-220', 'issued', '143016.85', '23/07/2026', NOW(), NOW()),
('90076-2', '90076', 'SKU-CEM-101', 'issued', '55825.21', '2026-06-27 00:00:00', NOW(), NOW()),
('90076-3', '90076', 'SKU-STL-014', 'received', '141964.78', '2026-06-21 00:00:00', NOW(), NOW()),
('90077-1', '90077', 'SKU-TX-330', 'backordered', '55208.08', '2026-07-25 00:00:00', NOW(), NOW()),
('90077-2', '90077', 'SKU-AGG-220', 'issued', '60582.9', '2026-07-07 00:00:00', NOW(), NOW()),
('90077-3', '90077', 'SKU-CE-500', 'issued', '21702.55', 'Jul 16 2026', NOW(), NOW()),
('90078-1', '90078', 'SKU-WR-410', 'backordered', '124595.46', '2026-08-13 00:00:00', NOW(), NOW()),
('90078-2', '90078', 'SKU-RM-330', 'received', '50821.44', '2026-07-17 00:00:00', NOW(), NOW()),
('90079-1', '90079', 'SKU-CEM-101', 'received', '82312.42', 'Jul 14 2026', NOW(), NOW()),
('90079-2', '90079', 'SKU-TC-090', 'backordered', '100885.73', '2026-06-26 00:00:00', NOW(), NOW()),
('90079-3', '90079', 'SKU-WR-410', 'backordered', '125647.99', '2026-07-05 00:00:00', NOW(), NOW());

INSERT INTO order_confirmations (id,po_line_id,status,delay_reason,created_at,updated_at) VALUES
('OC117741', '90000-1', 'confirmed', NULL, '2026-07-03T00:00:00+08:00', NOW()),
('OC360520', '90000-2', 'confirmed', NULL, '2026-07-11T00:00:00+08:00', NOW()),
('OC683596', '90001-1', 'delayed', 'logistics delay', '2026-07-04T00:00:00+08:00', NOW()),
('OC672194', '90001-2', 'confirmed', NULL, '2026-07-07T00:00:00+08:00', NOW()),
('OC544394', '90002-1', 'confirmed', NULL, '2026-06-25T00:00:00+08:00', NOW()),
('OC396897', '90002-2', 'confirmed', NULL, '2026-06-25T00:00:00+08:00', NOW()),
('OC819731', '90002-3', 'confirmed', NULL, '2026-06-27T00:00:00+08:00', NOW()),
('OC124094', '90003-2', 'confirmed', NULL, '2026-07-07T00:00:00+08:00', NOW()),
('OC339246', '90004-1', 'confirmed', NULL, '2026-07-11T00:00:00+08:00', NOW()),
('OC785288', '90005-1', 'confirmed', NULL, '2026-07-09T00:00:00+08:00', NOW()),
('OC295569', '90005-3', 'confirmed', NULL, '2026-07-09T00:00:00+08:00', NOW()),
('OC509777', '90007-1', 'confirmed', NULL, '2026-06-29T00:00:00+08:00', NOW()),
('OC548846', '90007-2', 'at_risk', 'raw material shortage', '2026-07-13T00:00:00+08:00', NOW()),
('OC463361', '90007-3', 'delayed', 'logistics delay', '2026-07-15T00:00:00+08:00', NOW()),
('OC227601', '90008-1', 'at_risk', 'supplier capacity', '2026-07-03T00:00:00+08:00', NOW()),
('OC644998', '90008-2', 'delayed', 'raw material shortage', '2026-07-14T00:00:00+08:00', NOW()),
('OC787545', '90009-1', 'confirmed', NULL, '2026-06-28T00:00:00+08:00', NOW()),
('OC861581', '90010-1', 'confirmed', NULL, '2026-06-28T00:00:00+08:00', NOW()),
('OC100566', '90010-2', 'confirmed', NULL, '2026-07-12T00:00:00+08:00', NOW()),
('OC991600', '90011-1', 'confirmed', NULL, '2026-06-30T00:00:00+08:00', NOW()),
('OC583560', '90011-2', 'confirmed', NULL, '2026-07-12T00:00:00+08:00', NOW()),
('OC623737', '90012-1', 'confirmed', NULL, '2026-07-04T00:00:00+08:00', NOW()),
('OC305232', '90012-2', 'confirmed', NULL, '2026-07-09T00:00:00+08:00', NOW()),
('OC143892', '90013-1', 'delayed', 'supplier capacity', '2026-07-07T00:00:00+08:00', NOW()),
('OC456179', '90015-1', 'confirmed', NULL, '2026-07-02T00:00:00+08:00', NOW()),
('OC633749', '90016-1', 'confirmed', NULL, '2026-07-14T00:00:00+08:00', NOW()),
('OC600014', '90016-2', 'confirmed', NULL, '2026-06-29T00:00:00+08:00', NOW()),
('OC303729', '90017-1', 'delayed', 'supplier capacity', '2026-07-04T00:00:00+08:00', NOW()),
('OC628024', '90017-2', 'confirmed', NULL, '2026-06-30T00:00:00+08:00', NOW()),
('OC631920', '90018-2', 'confirmed', NULL, '2026-06-30T00:00:00+08:00', NOW()),
('OC733045', '90018-3', 'confirmed', NULL, '2026-07-03T00:00:00+08:00', NOW()),
('OC173746', '90020-2', 'confirmed', NULL, '2026-07-13T00:00:00+08:00', NOW()),
('OC148494', '90021-1', 'confirmed', NULL, '2026-07-01T00:00:00+08:00', NOW()),
('OC205240', '90022-1', 'confirmed', NULL, '2026-06-27T00:00:00+08:00', NOW()),
('OC939381', '90022-2', 'delayed', 'raw material shortage', '2026-07-04T00:00:00+08:00', NOW()),
('OC982388', '90022-3', 'confirmed', NULL, '2026-07-12T00:00:00+08:00', NOW()),
('OC885154', '90023-1', 'confirmed', NULL, '2026-06-28T00:00:00+08:00', NOW()),
('OC253446', '90023-2', 'at_risk', 'logistics delay', '2026-06-30T00:00:00+08:00', NOW()),
('OC834216', '90024-1', 'confirmed', NULL, '2026-06-27T00:00:00+08:00', NOW()),
('OC965820', '90024-2', 'delayed', 'supplier capacity', '2026-07-14T00:00:00+08:00', NOW()),
('OC211005', '90024-3', 'confirmed', NULL, '2026-07-06T00:00:00+08:00', NOW()),
('OC779463', '90025-1', 'at_risk', 'supplier capacity', '2026-07-04T00:00:00+08:00', NOW()),
('OC338997', '90026-1', 'delayed', 'logistics delay', '2026-06-25T00:00:00+08:00', NOW()),
('OC708029', '90026-3', 'confirmed', NULL, '2026-06-26T00:00:00+08:00', NOW()),
('OC889805', '90027-1', 'confirmed', NULL, '2026-06-27T00:00:00+08:00', NOW()),
('OC179372', '90028-1', 'delayed', 'logistics delay', '2026-06-25T00:00:00+08:00', NOW()),
('OC381895', '90029-2', 'confirmed', NULL, '2026-06-30T00:00:00+08:00', NOW()),
('OC728283', '90029-3', 'confirmed', NULL, '2026-07-07T00:00:00+08:00', NOW()),
('OC236539', '90030-1', 'confirmed', NULL, '2026-07-12T00:00:00+08:00', NOW()),
('OC187634', '90031-1', 'confirmed', NULL, '2026-06-26T00:00:00+08:00', NOW()),
('OC615753', '90031-3', 'confirmed', NULL, '2026-07-05T00:00:00+08:00', NOW()),
('OC814231', '90032-1', 'delayed', 'supplier capacity', '2026-06-25T00:00:00+08:00', NOW()),
('OC593311', '90032-2', 'at_risk', 'logistics delay', '2026-07-09T00:00:00+08:00', NOW()),
('OC392094', '90032-3', 'confirmed', NULL, '2026-07-15T00:00:00+08:00', NOW()),
('OC916683', '90033-3', 'confirmed', NULL, '2026-06-25T00:00:00+08:00', NOW()),
('OC919817', '90034-2', 'confirmed', NULL, '2026-07-02T00:00:00+08:00', NOW()),
('OC901279', '90034-3', 'confirmed', NULL, '2026-07-02T00:00:00+08:00', NOW()),
('OC899539', '90035-1', 'confirmed', NULL, '2026-07-12T00:00:00+08:00', NOW()),
('OC855057', '90035-2', 'confirmed', NULL, '2026-07-11T00:00:00+08:00', NOW()),
('OC527193', '90036-1', 'confirmed', NULL, '2026-07-01T00:00:00+08:00', NOW()),
('OC498776', '90037-1', 'confirmed', NULL, '2026-07-10T00:00:00+08:00', NOW()),
('OC345942', '90038-1', 'confirmed', NULL, '2026-07-05T00:00:00+08:00', NOW()),
('OC865131', '90038-3', 'confirmed', NULL, '2026-07-01T00:00:00+08:00', NOW()),
('OC335935', '90039-1', 'confirmed', NULL, '2026-06-25T00:00:00+08:00', NOW()),
('OC371067', '90040-1', 'at_risk', 'logistics delay', '2026-06-26T00:00:00+08:00', NOW()),
('OC537660', '90040-2', 'confirmed', NULL, '2026-07-10T00:00:00+08:00', NOW()),
('OC117402', '90041-1', 'delayed', 'raw material shortage', '2026-07-02T00:00:00+08:00', NOW()),
('OC727738', '90042-2', 'confirmed', NULL, '2026-07-12T00:00:00+08:00', NOW()),
('OC370142', '90042-3', 'confirmed', NULL, '2026-07-14T00:00:00+08:00', NOW()),
('OC863456', '90043-1', 'confirmed', NULL, '2026-07-15T00:00:00+08:00', NOW()),
('OC158254', '90044-1', 'confirmed', NULL, '2026-07-04T00:00:00+08:00', NOW()),
('OC136944', '90044-2', 'confirmed', NULL, '2026-07-02T00:00:00+08:00', NOW()),
('OC933604', '90044-3', 'at_risk', 'logistics delay', '2026-07-15T00:00:00+08:00', NOW()),
('OC698866', '90045-1', 'confirmed', NULL, '2026-07-10T00:00:00+08:00', NOW()),
('OC107860', '90045-2', 'confirmed', NULL, '2026-07-06T00:00:00+08:00', NOW()),
('OC849298', '90045-3', 'confirmed', NULL, '2026-07-04T00:00:00+08:00', NOW()),
('OC155826', '90047-1', 'confirmed', NULL, '2026-07-08T00:00:00+08:00', NOW()),
('OC301404', '90047-2', 'at_risk', 'logistics delay', '2026-07-15T00:00:00+08:00', NOW()),
('OC739525', '90049-1', 'confirmed', NULL, '2026-07-08T00:00:00+08:00', NOW()),
('OC181229', '90050-1', 'delayed', 'supplier capacity', '2026-07-11T00:00:00+08:00', NOW()),
('OC460840', '90050-2', 'confirmed', NULL, '2026-07-11T00:00:00+08:00', NOW()),
('OC564480', '90051-1', 'confirmed', NULL, '2026-06-30T00:00:00+08:00', NOW()),
('OC488608', '90051-2', 'confirmed', NULL, '2026-07-03T00:00:00+08:00', NOW()),
('OC906075', '90051-3', 'confirmed', NULL, '2026-07-10T00:00:00+08:00', NOW()),
('OC790062', '90052-1', 'confirmed', NULL, '2026-07-01T00:00:00+08:00', NOW()),
('OC920844', '90052-2', 'confirmed', NULL, '2026-07-03T00:00:00+08:00', NOW()),
('OC929856', '90052-3', 'confirmed', NULL, '2026-06-26T00:00:00+08:00', NOW()),
('OC727302', '90053-1', 'delayed', 'logistics delay', '2026-07-15T00:00:00+08:00', NOW()),
('OC569116', '90053-2', 'confirmed', NULL, '2026-07-07T00:00:00+08:00', NOW()),
('OC451199', '90054-1', 'confirmed', NULL, '2026-06-25T00:00:00+08:00', NOW()),
('OC529957', '90055-1', 'confirmed', NULL, '2026-07-07T00:00:00+08:00', NOW()),
('OC125032', '90055-2', 'at_risk', 'raw material shortage', '2026-06-29T00:00:00+08:00', NOW()),
('OC781953', '90056-1', 'delayed', 'logistics delay', '2026-07-03T00:00:00+08:00', NOW()),
('OC479914', '90056-2', 'confirmed', NULL, '2026-07-03T00:00:00+08:00', NOW()),
('OC234307', '90057-1', 'delayed', 'raw material shortage', '2026-07-01T00:00:00+08:00', NOW()),
('OC474566', '90057-2', 'confirmed', NULL, '2026-06-26T00:00:00+08:00', NOW()),
('OC898126', '90059-1', 'confirmed', NULL, '2026-07-06T00:00:00+08:00', NOW()),
('OC668589', '90059-2', 'delayed', 'logistics delay', '2026-07-14T00:00:00+08:00', NOW()),
('OC993894', '90060-1', 'confirmed', NULL, '2026-06-27T00:00:00+08:00', NOW()),
('OC633471', '90060-2', 'at_risk', 'logistics delay', '2026-06-26T00:00:00+08:00', NOW()),
('OC977721', '90061-1', 'delayed', 'raw material shortage', '2026-06-25T00:00:00+08:00', NOW()),
('OC602806', '90061-2', 'delayed', 'logistics delay', '2026-07-06T00:00:00+08:00', NOW()),
('OC756366', '90062-1', 'confirmed', NULL, '2026-07-04T00:00:00+08:00', NOW()),
('OC253294', '90062-2', 'at_risk', 'supplier capacity', '2026-07-06T00:00:00+08:00', NOW()),
('OC229677', '90063-1', 'delayed', 'logistics delay', '2026-06-27T00:00:00+08:00', NOW()),
('OC991405', '90064-1', 'confirmed', NULL, '2026-06-25T00:00:00+08:00', NOW()),
('OC378850', '90064-2', 'confirmed', NULL, '2026-07-10T00:00:00+08:00', NOW()),
('OC150401', '90065-1', 'confirmed', NULL, '2026-07-05T00:00:00+08:00', NOW()),
('OC124693', '90065-2', 'confirmed', NULL, '2026-06-25T00:00:00+08:00', NOW()),
('OC716909', '90065-3', 'confirmed', NULL, '2026-07-06T00:00:00+08:00', NOW()),
('OC491513', '90066-1', 'confirmed', NULL, '2026-07-10T00:00:00+08:00', NOW()),
('OC849986', '90067-1', 'delayed', 'logistics delay', '2026-07-10T00:00:00+08:00', NOW()),
('OC352081', '90067-2', 'delayed', 'supplier capacity', '2026-07-06T00:00:00+08:00', NOW()),
('OC186456', '90068-1', 'confirmed', NULL, '2026-07-08T00:00:00+08:00', NOW()),
('OC150541', '90069-1', 'confirmed', NULL, '2026-07-13T00:00:00+08:00', NOW()),
('OC628473', '90070-1', 'confirmed', NULL, '2026-06-30T00:00:00+08:00', NOW()),
('OC919227', '90071-1', 'confirmed', NULL, '2026-07-02T00:00:00+08:00', NOW()),
('OC955240', '90071-2', 'confirmed', NULL, '2026-07-01T00:00:00+08:00', NOW()),
('OC719531', '90072-1', 'confirmed', NULL, '2026-06-30T00:00:00+08:00', NOW()),
('OC594862', '90072-2', 'confirmed', NULL, '2026-07-09T00:00:00+08:00', NOW()),
('OC249057', '90074-1', 'at_risk', 'raw material shortage', '2026-06-25T00:00:00+08:00', NOW()),
('OC387889', '90075-1', 'confirmed', NULL, '2026-06-26T00:00:00+08:00', NOW()),
('OC828543', '90076-1', 'at_risk', 'supplier capacity', '2026-06-26T00:00:00+08:00', NOW()),
('OC365253', '90076-2', 'confirmed', NULL, '2026-07-04T00:00:00+08:00', NOW()),
('OC979597', '90077-1', 'delayed', 'supplier capacity', '2026-07-12T00:00:00+08:00', NOW()),
('OC463748', '90077-2', 'confirmed', NULL, '2026-07-05T00:00:00+08:00', NOW()),
('OC594273', '90078-1', 'delayed', 'raw material shortage', '2026-07-07T00:00:00+08:00', NOW()),
('OC501259', '90078-2', 'confirmed', NULL, '2026-06-25T00:00:00+08:00', NOW()),
('OC538338', '90079-1', 'confirmed', NULL, '2026-07-13T00:00:00+08:00', NOW()),
('OC222811', '90079-2', 'confirmed', NULL, '2026-07-07T00:00:00+08:00', NOW());

INSERT INTO inventory_positions (item_number,on_hand_qty,safety_stock,reorder_point,unit_cost,created_at,updated_at) VALUES
('SKU-CEM-101', '1706', '344', '218', '2547.28', NOW(), NOW()),
('SKU-AGG-220', '1282', '349', '493', '3853.31', NOW(), NOW()),
('SKU-STL-014', '215', '298', '221', '2511.39', NOW(), NOW()),
('SKU-RM-330', '1129', '96', '591', '422.56', NOW(), NOW()),
('SKU-PL-220', '643', '232', '386', '3747.36', NOW(), NOW()),
('SKU-MT-101', '437', '221', '498', '2908.14', NOW(), NOW()),
('SKU-EL-440', '811', '354', '571', '3681.77', NOW(), NOW()),
('SKU-FS-055', '1894', '58', '528', '1923.55', NOW(), NOW()),
('SKU-CH-012', '561', '70', '178', '3834.3', NOW(), NOW()),
('SKU-PK-770', '1482', '94', '127', '2887.06', NOW(), NOW()),
('SKU-TX-330', '262', '221', '542', '3536.21', NOW(), NOW()),
('SKU-RB-201', '1515', '237', '560', '3046.4', NOW(), NOW()),
('SKU-TC-090', '693', '137', '186', '1413.52', NOW(), NOW()),
('SKU-CP-330', '475', '65', '519', '2265.27', NOW(), NOW()),
('SKU-WR-410', '1511', '382', '598', '1931.16', NOW(), NOW()),
('SKU-CE-500', '490', '274', '434', '3972.47', NOW(), NOW());

INSERT INTO demand_signals (period,item_number,forecast,actual,created_at,updated_at) VALUES
('2026-06-25 00:00:00', 'SKU-PL-220', '398', '414', NOW(), NOW()),
('2026-07-01 00:00:00', 'SKU-PL-220', '363', '456', NOW(), NOW()),
('2026-05-28 00:00:00', 'SKU-AGG-220', '106', '105', NOW(), NOW()),
('2026-07-01 00:00:00', 'SKU-MT-101', '278', '330', NOW(), NOW()),
('2026-06-22 00:00:00', 'SKU-PL-220', '147', '165', NOW(), NOW()),
('2026-05-26 00:00:00', 'SKU-RM-330', '413', '1098', NOW(), NOW()),
('2026-05-24 00:00:00', 'SKU-FS-055', '338', '306', NOW(), NOW()),
('2026-06-15 00:00:00', 'SKU-CP-330', '362', '436', NOW(), NOW()),
('2026-06-12 00:00:00', 'SKU-CP-330', '494', '440', NOW(), NOW()),
('2026-06-28 00:00:00', 'SKU-CE-500', '227', '247', NOW(), NOW()),
('2026-07-15 00:00:00', 'SKU-FS-055', '263', '292', NOW(), NOW()),
('2026-07-04 00:00:00', 'SKU-TX-330', '442', '551', NOW(), NOW()),
('2026-06-02 00:00:00', 'SKU-EL-440', '73', '82', NOW(), NOW()),
('2026-06-19 00:00:00', 'SKU-AGG-220', '318', '406', NOW(), NOW()),
('2026-05-24 00:00:00', 'SKU-RB-201', '378', '458', NOW(), NOW()),
('2026-05-22 00:00:00', 'SKU-MT-101', '284', '329', NOW(), NOW()),
('2026-06-16 00:00:00', 'SKU-CH-012', '90', '116', NOW(), NOW()),
('2026-07-14 00:00:00', 'SKU-TC-090', '384', '339', NOW(), NOW()),
('2026-07-06 00:00:00', 'SKU-CP-330', '210', '242', NOW(), NOW()),
('2026-06-09 00:00:00', 'SKU-AGG-220', '51', '48', NOW(), NOW()),
('2026-06-22 00:00:00', 'SKU-CP-330', '175', '175', NOW(), NOW()),
('2026-06-10 00:00:00', 'SKU-CH-012', '60', '50', NOW(), NOW()),
('2026-05-16 00:00:00', 'SKU-AGG-220', '129', '155', NOW(), NOW()),
('2026-07-10 00:00:00', 'SKU-WR-410', '346', '406', NOW(), NOW()),
('2026-06-25 00:00:00', 'SKU-AGG-220', '345', '405', NOW(), NOW()),
('2026-07-10 00:00:00', 'SKU-RM-330', '238', '215', NOW(), NOW()),
('2026-06-05 00:00:00', 'SKU-STL-014', '74', '69', NOW(), NOW()),
('2026-07-12 00:00:00', 'SKU-CE-500', '199', '197', NOW(), NOW()),
('2026-07-01 00:00:00', 'SKU-MT-101', '190', '220', NOW(), NOW()),
('2026-07-14 00:00:00', 'SKU-PL-220', '237', '197', NOW(), NOW()),
('2026-06-03 00:00:00', 'SKU-CEM-101', '192', '182', NOW(), NOW()),
('2026-06-11 00:00:00', 'SKU-RB-201', '176', '215', NOW(), NOW()),
('2026-07-12 00:00:00', 'SKU-AGG-220', '129', '137', NOW(), NOW()),
('2026-05-19 00:00:00', 'SKU-RM-330', '308', '363', NOW(), NOW()),
('2026-06-07 00:00:00', 'SKU-TC-090', '416', '354', NOW(), NOW()),
('2026-05-23 00:00:00', 'SKU-PK-770', '248', '270', NOW(), NOW()),
('2026-06-19 00:00:00', 'SKU-TX-330', '150', '165', NOW(), NOW()),
('2026-06-16 00:00:00', 'SKU-RB-201', '166', '214', NOW(), NOW()),
('2026-06-07 00:00:00', 'SKU-WR-410', '186', '227', NOW(), NOW()),
('2026-05-22 00:00:00', 'SKU-CP-330', '414', '471', NOW(), NOW()),
('2026-05-17 00:00:00', 'SKU-TX-330', '258', '292', NOW(), NOW()),
('2026-07-15 00:00:00', 'SKU-WR-410', '483', '612', NOW(), NOW()),
('2026-06-14 00:00:00', 'SKU-CE-500', '208', '178', NOW(), NOW()),
('2026-06-11 00:00:00', 'SKU-RM-330', '278', '275', NOW(), NOW()),
('2026-06-07 00:00:00', 'SKU-PK-770', '368', '381', NOW(), NOW()),
('2026-07-12 00:00:00', 'SKU-MT-101', '123', '119', NOW(), NOW()),
('2026-06-28 00:00:00', 'SKU-RM-330', '457', '434', NOW(), NOW()),
('2026-05-16 00:00:00', 'SKU-RM-330', '323', '363', NOW(), NOW()),
('2026-06-23 00:00:00', 'SKU-EL-440', '102', '126', NOW(), NOW()),
('2026-07-13 00:00:00', 'SKU-WR-410', '458', '403', NOW(), NOW()),
('2026-06-18 00:00:00', 'SKU-CE-500', '315', '361', NOW(), NOW()),
('2026-06-18 00:00:00', 'SKU-WR-410', '408', '345', NOW(), NOW()),
('2026-05-20 00:00:00', 'SKU-AGG-220', '450', '517', NOW(), NOW()),
('2026-05-17 00:00:00', 'SKU-RB-201', '79', '79', NOW(), NOW()),
('2026-06-04 00:00:00', 'SKU-STL-014', '285', '332', NOW(), NOW()),
('2026-06-02 00:00:00', 'SKU-CEM-101', '366', '424', NOW(), NOW()),
('2026-07-10 00:00:00', 'SKU-CE-500', '411', '445', NOW(), NOW()),
('2026-07-09 00:00:00', 'SKU-PL-220', '467', '489', NOW(), NOW()),
('2026-07-09 00:00:00', 'SKU-PK-770', '321', '305', NOW(), NOW()),
('2026-07-13 00:00:00', 'SKU-AGG-220', '139', '161', NOW(), NOW()),
('2026-05-31 00:00:00', 'SKU-RM-330', '101', '339', NOW(), NOW()),
('2026-07-01 00:00:00', 'SKU-EL-440', '352', '305', NOW(), NOW()),
('2026-06-28 00:00:00', 'SKU-CP-330', '467', '498', NOW(), NOW()),
('2026-06-29 00:00:00', 'SKU-WR-410', '300', '281', NOW(), NOW()),
('2026-05-28 00:00:00', 'SKU-MT-101', '481', '565', NOW(), NOW()),
('2026-07-08 00:00:00', 'SKU-RM-330', '434', '475', NOW(), NOW()),
('2026-06-22 00:00:00', 'SKU-RB-201', '198', '161', NOW(), NOW()),
('2026-06-24 00:00:00', 'SKU-TC-090', '260', '231', NOW(), NOW()),
('2026-06-15 00:00:00', 'SKU-TC-090', '372', '366', NOW(), NOW()),
('2026-05-28 00:00:00', 'SKU-TX-330', '328', '391', NOW(), NOW()),
('2026-07-07 00:00:00', 'SKU-CH-012', '444', '484', NOW(), NOW()),
('2026-06-18 00:00:00', 'SKU-WR-410', '370', '409', NOW(), NOW()),
('2026-07-07 00:00:00', 'SKU-RM-330', '125', '111', NOW(), NOW()),
('2026-07-01 00:00:00', 'SKU-WR-410', '234', '234', NOW(), NOW()),
('2026-07-14 00:00:00', 'SKU-CP-330', '423', '450', NOW(), NOW()),
('2026-07-07 00:00:00', 'SKU-WR-410', '233', '265', NOW(), NOW()),
('2026-05-26 00:00:00', 'SKU-WR-410', '61', '65', NOW(), NOW()),
('2026-07-15 00:00:00', 'SKU-PK-770', '146', '165', NOW(), NOW()),
('2026-06-09 00:00:00', 'SKU-RM-330', '402', '484', NOW(), NOW()),
('2026-07-04 00:00:00', 'SKU-CEM-101', '260', '326', NOW(), NOW()),
('2026-07-15 00:00:00', 'SKU-MT-101', '353', '293', NOW(), NOW()),
('2026-05-21 00:00:00', 'SKU-WR-410', '101', '129', NOW(), NOW()),
('2026-07-04 00:00:00', 'SKU-AGG-220', '400', '325', NOW(), NOW()),
('2026-06-11 00:00:00', 'SKU-AGG-220', '192', '241', NOW(), NOW()),
('2026-06-05 00:00:00', 'SKU-CE-500', '183', '233', NOW(), NOW()),
('2026-07-03 00:00:00', 'SKU-MT-101', '494', '527', NOW(), NOW()),
('2026-05-23 00:00:00', 'SKU-RB-201', '226', '186', NOW(), NOW()),
('2026-05-17 00:00:00', 'SKU-TC-090', '443', '394', NOW(), NOW()),
('2026-06-19 00:00:00', 'SKU-AGG-220', '170', '155', NOW(), NOW()),
('2026-06-24 00:00:00', 'SKU-AGG-220', '239', '210', NOW(), NOW()),
('2026-07-08 00:00:00', 'SKU-AGG-220', '206', '258', NOW(), NOW()),
('2026-05-17 00:00:00', 'SKU-WR-410', '232', '208', NOW(), NOW()),
('2026-06-20 00:00:00', 'SKU-MT-101', '424', '408', NOW(), NOW()),
('2026-06-21 00:00:00', 'SKU-RM-330', '277', '265', NOW(), NOW()),
('2026-05-18 00:00:00', 'SKU-WR-410', '405', '508', NOW(), NOW()),
('2026-06-22 00:00:00', 'SKU-EL-440', '314', '273', NOW(), NOW()),
('2026-07-07 00:00:00', 'SKU-MT-101', '452', '483', NOW(), NOW()),
('2026-06-24 00:00:00', 'SKU-AGG-220', '151', '163', NOW(), NOW()),
('2026-06-24 00:00:00', 'SKU-CE-500', '223', '210', NOW(), NOW()),
('2026-07-06 00:00:00', 'SKU-STL-014', '272', '343', NOW(), NOW()),
('2026-05-31 00:00:00', 'SKU-STL-014', '241', '308', NOW(), NOW()),
('2026-06-30 00:00:00', 'SKU-PK-770', '103', '124', NOW(), NOW()),
('2026-05-28 00:00:00', 'SKU-PK-770', '177', '163', NOW(), NOW()),
('2026-05-29 00:00:00', 'SKU-PK-770', '68', '75', NOW(), NOW()),
('2026-06-19 00:00:00', 'SKU-EL-440', '255', '211', NOW(), NOW()),
('2026-06-29 00:00:00', 'SKU-CH-012', '216', '180', NOW(), NOW()),
('2026-06-14 00:00:00', 'SKU-MT-101', '411', '410', NOW(), NOW()),
('2026-06-26 00:00:00', 'SKU-FS-055', '387', '390', NOW(), NOW()),
('2026-06-13 00:00:00', 'SKU-WR-410', '83', '86', NOW(), NOW()),
('2026-05-26 00:00:00', 'SKU-CP-330', '121', '146', NOW(), NOW()),
('2026-06-20 00:00:00', 'SKU-CEM-101', '185', '184', NOW(), NOW()),
('2026-07-10 00:00:00', 'SKU-EL-440', '215', '253', NOW(), NOW()),
('2026-06-21 00:00:00', 'SKU-EL-440', '214', '214', NOW(), NOW()),
('2026-06-26 00:00:00', 'SKU-PL-220', '70', '84', NOW(), NOW()),
('2026-05-19 00:00:00', 'SKU-CEM-101', '445', '541', NOW(), NOW()),
('2026-06-17 00:00:00', 'SKU-PL-220', '379', '475', NOW(), NOW()),
('2026-06-25 00:00:00', 'SKU-WR-410', '396', '464', NOW(), NOW()),
('2026-07-01 00:00:00', 'SKU-PL-220', '229', '257', NOW(), NOW()),
('2026-05-31 00:00:00', 'SKU-AGG-220', '256', '299', NOW(), NOW()),
('2026-07-14 00:00:00', 'SKU-PL-220', '360', '306', NOW(), NOW()),
('2026-07-10 00:00:00', 'SKU-CE-500', '377', '304', NOW(), NOW()),
('2026-06-11 00:00:00', 'SKU-STL-014', '225', '189', NOW(), NOW()),
('2026-07-03 00:00:00', 'SKU-CP-330', '55', '56', NOW(), NOW()),
('2026-06-15 00:00:00', 'SKU-RM-330', '185', '163', NOW(), NOW()),
('2026-05-24 00:00:00', 'SKU-PL-220', '474', '556', NOW(), NOW()),
('2026-06-01 00:00:00', 'SKU-PK-770', '238', '228', NOW(), NOW()),
('2026-05-31 00:00:00', 'SKU-CH-012', '296', '259', NOW(), NOW()),
('2026-06-09 00:00:00', 'SKU-CP-330', '129', '116', NOW(), NOW()),
('2026-06-22 00:00:00', 'SKU-AGG-220', '426', '446', NOW(), NOW()),
('2026-06-27 00:00:00', 'SKU-PK-770', '186', '210', NOW(), NOW()),
('2026-06-26 00:00:00', 'SKU-PK-770', '130', '146', NOW(), NOW()),
('2026-05-30 00:00:00', 'SKU-CE-500', '122', '142', NOW(), NOW()),
('2026-07-05 00:00:00', 'SKU-PK-770', '188', '234', NOW(), NOW()),
('2026-05-27 00:00:00', 'SKU-MT-101', '379', '396', NOW(), NOW()),
('2026-07-06 00:00:00', 'SKU-WR-410', '401', '338', NOW(), NOW()),
('2026-07-03 00:00:00', 'SKU-STL-014', '53', '66', NOW(), NOW()),
('2026-06-24 00:00:00', 'SKU-RM-330', '242', '272', NOW(), NOW()),
('2026-05-31 00:00:00', 'SKU-MT-101', '151', '162', NOW(), NOW()),
('2026-05-23 00:00:00', 'SKU-TX-330', '137', '141', NOW(), NOW()),
('2026-06-06 00:00:00', 'SKU-MT-101', '257', '311', NOW(), NOW());

INSERT INTO disruption_notices (notice_id,received_at,supplier_id,item_number,notice_type,notice_data,created_at,updated_at) VALUES
('DN-5000', '2026-06-27 00:00:00', '3022', 'SKU-EL-440', 'quality_hold', 'QA hold on inbound SKU-EL-440 pending inspection.', NOW(), NOW()),
('DN-5001', '2026-06-27 00:00:00', '3042', 'SKU-PK-770', 'supplier_delay', 'Supplier advises 19 day delay on SKU-PK-770.', NOW(), NOW()),
('DN-5002', '2026-07-08 00:00:00', '3017', 'SKU-CH-012', 'port_cutoff_miss', 'Container for SKU-CH-012 will miss the Friday port cut-off; next sailing in 6 days.', NOW(), NOW()),
('DN-5003', '2026-06-26 00:00:00', '3021', 'SKU-RB-201', 'demand_spike', 'Demand surge flagged for SKU-RB-201, exceeding safety stock.', NOW(), NOW()),
('DN-5004', '25/06/2026', '3008', 'SKU-PK-770', 'port_cutoff_miss', 'Shipment for SKU-PK-770 will miss the port cut-off on 2026-07-10.', NOW(), NOW()),
('DN-5005', '2026-06-29 00:00:00', '3015', 'SKU-TX-330', 'demand_spike', 'Demand surge flagged for SKU-TX-330, exceeding safety stock.', NOW(), NOW()),
('DN-5006', '2026-07-04 00:00:00', '3034', 'SKU-CEM-101', 'quality_hold', 'QA hold on inbound SKU-CEM-101 pending inspection.', NOW(), NOW()),
('DN-5007', '2026-06-26 00:00:00', '3017', 'SKU-RB-201', 'supplier_delay', 'Supplier advises 14 day delay on SKU-RB-201.', NOW(), NOW()),
('DN-5008', '2026-06-30 00:00:00', '3038', 'SKU-RB-201', 'demand_spike', 'Demand surge flagged for SKU-RB-201, exceeding safety stock.', NOW(), NOW()),
('DN-5009', '2026-07-15 00:00:00', '3018', 'SKU-FS-055', 'quality_hold', 'QA hold on inbound SKU-FS-055 pending inspection.', NOW(), NOW()),
('DN-5010', '04/07/2026', '3047', 'SKU-PL-220', 'quality_hold', 'QA hold on inbound SKU-PL-220 pending inspection.', NOW(), NOW()),
('DN-5011', '2026-07-04 00:00:00', '3008', 'SKU-STL-014', 'demand_spike', 'Demand surge flagged for SKU-STL-014, exceeding safety stock.', NOW(), NOW()),
('DN-5012', '14/07/2026', '3040', 'SKU-CP-330', 'demand_spike', 'Demand surge flagged for SKU-CP-330, exceeding safety stock.', NOW(), NOW()),
('DN-5013', '2026-07-07 00:00:00', '3043', 'SKU-CH-012', 'supplier_delay', 'Supplier advises 19 day delay on SKU-CH-012.', NOW(), NOW()),
('DN-5014', '2026-07-08 00:00:00', '3003', 'SKU-WR-410', 'supplier_delay', 'Supplier advises 16 day delay on SKU-WR-410.', NOW(), NOW()),
('DN-5015', '2026-07-07 00:00:00', '3041', 'SKU-AGG-220', 'demand_spike', 'Demand surge flagged for SKU-AGG-220, exceeding safety stock.', NOW(), NOW()),
('DN-5016', '10/07/2026', '3018', 'SKU-PK-770', 'quality_hold', 'QA hold on inbound SKU-PK-770 pending inspection.', NOW(), NOW()),
('DN-5017', '2026-06-30 00:00:00', '3028', 'SKU-CP-330', 'supplier_delay', 'Supplier advises 8 day delay on SKU-CP-330.', NOW(), NOW()),
('DN-5018', '25/06/2026', '3003', 'SKU-WR-410', 'port_cutoff_miss', 'Shipment for SKU-WR-410 will miss the port cut-off on 2026-07-20.', NOW(), NOW()),
('DN-5019', '2026-07-04 00:00:00', '3032', 'SKU-RM-330', 'port_cutoff_miss', 'Container for SKU-RM-330 will miss the Friday port cut-off; next sailing in 6 days.', NOW(), NOW()),
('DN-5020', '2026-06-29 00:00:00', '3039', 'SKU-PL-220', 'quality_hold', 'QA hold on inbound SKU-PL-220 pending inspection.', NOW(), NOW()),
('DN-5021', '2026-06-26 00:00:00', '3022', 'SKU-WR-410', 'supplier_delay', 'Supplier advises 9 day delay on SKU-WR-410.', NOW(), NOW()),
('DN-5022', '09/07/2026', '3021', 'SKU-CH-012', 'supplier_delay', 'Supplier advises 5 day delay on SKU-CH-012.', NOW(), NOW()),
('DN-5023', '2026-07-07 00:00:00', '3005', 'SKU-CH-012', 'port_cutoff_miss', 'Shipment for SKU-CH-012 will miss the port cut-off on 2026-07-12.', NOW(), NOW()),
('DN-5024', '2026-07-14 00:00:00', '3017', 'SKU-WR-410', 'quality_hold', 'QA hold on inbound SKU-WR-410 pending inspection.', NOW(), NOW()),
('DN-5025', '2026-07-12 00:00:00', '3029', 'SKU-MT-101', 'supplier_delay', 'Supplier advises 6 day delay on SKU-MT-101.', NOW(), NOW()),
('DN-5026', '15/07/2026', '3044', 'SKU-FS-055', 'demand_spike', 'Demand surge flagged for SKU-FS-055, exceeding safety stock.', NOW(), NOW()),
('DN-5027', '2026-07-15 00:00:00', '3016', 'SKU-RM-330', 'supplier_delay', 'Supplier advises 16 day delay on SKU-RM-330.', NOW(), NOW()),
('DN-5028', '2026-07-11 00:00:00', '3031', 'SKU-RM-330', 'demand_spike', 'Demand surge flagged for SKU-RM-330, exceeding safety stock.', NOW(), NOW()),
('DN-5029', '27/06/2026', '3010', 'SKU-TX-330', 'supplier_delay', 'Supplier advises 7 day delay on SKU-TX-330.', NOW(), NOW()),
('DN-5030', '2026-07-07 00:00:00', '3030', 'SKU-TX-330', 'supplier_delay', 'Supplier advises 8 day delay on SKU-TX-330.', NOW(), NOW()),
('DN-5031', '2026-07-13 00:00:00', '3022', 'SKU-EL-440', 'quality_hold', 'QA hold on inbound SKU-EL-440 pending inspection.', NOW(), NOW()),
('DN-5032', '2026-07-14 00:00:00', '3044', 'SKU-TC-090', 'quality_hold', 'QA hold on inbound SKU-TC-090 pending inspection.', NOW(), NOW()),
('DN-5033', '2026-07-15 00:00:00', '3021', 'SKU-FS-055', 'port_cutoff_miss', 'Shipment for SKU-FS-055 will miss the port cut-off on 2026-07-20.', NOW(), NOW()),
('DN-5034', '2026-06-26 00:00:00', '3025', 'SKU-PK-770', 'supplier_delay', 'Supplier advises 7 day delay on SKU-PK-770.', NOW(), NOW()),
('DN-5035', '2026-07-06 00:00:00', '3036', 'SKU-CEM-101', 'port_cutoff_miss', 'Shipment for SKU-CEM-101 will miss the port cut-off on 2026-07-10.', NOW(), NOW()),
('DN-5036', '04/07/2026', '3037', 'SKU-TC-090', 'demand_spike', 'Demand surge flagged for SKU-TC-090, exceeding safety stock.', NOW(), NOW()),
('DN-5037', '2026-07-14 00:00:00', '3011', 'SKU-AGG-220', 'demand_spike', 'Demand surge flagged for SKU-AGG-220, exceeding safety stock.', NOW(), NOW()),
('DN-5038', 'Jul 08 2026', '3034', 'SKU-WR-410', 'supplier_delay', 'Supplier advises 19 day delay on SKU-WR-410.', NOW(), NOW()),
('DN-5039', '2026-07-02 00:00:00', '3036', 'SKU-PK-770', 'demand_spike', 'Demand surge flagged for SKU-PK-770, exceeding safety stock.', NOW(), NOW()),
('DN-5040', '2026-07-04 00:00:00', '3022', 'SKU-PK-770', 'supplier_delay', 'Supplier advises 18 day delay on SKU-PK-770.', NOW(), NOW()),
('DN-5041', '2026-06-30 00:00:00', '3042', 'SKU-MT-101', 'port_cutoff_miss', 'Shipment for SKU-MT-101 will miss the port cut-off on 2026-07-20.', NOW(), NOW()),
('DN-5042', 'Jul 09 2026', '3025', 'SKU-CH-012', 'demand_spike', 'Demand surge flagged for SKU-CH-012, exceeding safety stock.', NOW(), NOW()),
('DN-5043', 'Jul 14 2026', '3009', 'SKU-CEM-101', 'quality_hold', 'QA hold on inbound SKU-CEM-101 pending inspection.', NOW(), NOW()),
('DN-5044', '2026-07-03 00:00:00', '3047', 'SKU-TX-330', 'port_cutoff_miss', 'Shipment for SKU-TX-330 will miss the port cut-off on 2026-07-12.', NOW(), NOW());

COMMIT;
